{"cameraMode":{"drawMode":0,"name":"Shaded","section":"Shading Mode"},"sceneLighting":true,"audioPlay":false,"sceneViewState":{"showFog":true,"showMaterialUpdate":false,"showSkybox":true,"showFlares":true,"showImageEffects":true,"showParticleSystems":true},"in2DMode":false,"pivot":{"x":100.74903106689453,"y":-88.42781066894531,"z":384.39227294921877},"rotation":{"x":-0.12864822149276734,"y":-0.06777924299240112,"z":0.0088136475533247,"w":-0.9893324375152588},"size":298.40374755859377,"orthographic":false}